framework,resolution,tier_h3_res,cell_count,mean_area_km2,std_area_km2,min_area_km2,max_area_km2,area_cv_pct,diff_from_h3_pct,sum_area_km2,boundary_area_km2,area_coverage_ratio,mean_overlap_frac,cells_overlap_lt_1,planar_sum_area_km2,geo_planar_diff_pct,file
H3,res_5,5,140,291.9751,1.4032,289.0533,295.7864,0.4806,0.0,40876.51,39867.81,1.0253,0.9256,43,40852.18,0.0595,data/grids/h3_res_5.geojson
H3,res_6,6,953,41.7066,0.1975,41.2934,42.2737,0.4735,0.0,39746.43,39867.81,0.997,0.9748,110,39722.82,0.0594,data/grids/h3_res_6.geojson
H3,res_7,7,6688,5.9578,0.0283,5.8965,6.0407,0.4757,0.0,39846.07,39867.81,0.9995,0.9904,317,39822.51,0.0591,data/grids/h3_res_7.geojson
S2,level_9,5,100,394.4811,2.1341,388.7376,397.779,0.541,35.11,39448.11,39867.81,0.9895,0.9336,31,39424.6,0.0596,data/grids/s2_level_9.geojson
S2,level_10,6,403,98.64,0.5407,97.1487,99.5445,0.5481,136.51,39751.9,39867.81,0.9971,0.9608,73,39728.46,0.059,data/grids/s2_level_10.geojson
S2,level_11,6,1613,24.6601,0.1339,24.2893,24.8897,0.5429,-40.87,39776.79,39867.81,0.9977,0.9813,167,39753.28,0.0591,data/grids/s2_level_11.geojson
S2,level_12,7,6468,6.1649,0.0336,6.0629,6.223,0.5449,3.47,39874.26,39867.81,1.0002,0.9895,344,39850.7,0.0591,data/grids/s2_level_12.geojson
Square_UTM,17087m,5,138,292.1366,0.0714,291.9327,292.1992,0.0244,0.06,40314.85,39867.81,1.0112,0.9334,45,40291.25,0.0585,data/grids/square_utm_17087m.geojson
Square_UTM,6458m,6,959,41.7304,0.0098,41.7002,41.7391,0.0235,0.06,40019.44,39867.81,1.0038,0.9723,128,39995.83,0.059,data/grids/square_utm_6458m.geojson
Square_UTM,2441m,7,6689,5.962,0.0014,5.9575,5.9633,0.0234,0.07,39879.87,39867.81,1.0003,0.9898,348,39856.28,0.0591,data/grids/square_utm_2441m.geojson
LatLon,0.1552deg,5,137,292.1067,0.504,291.2398,293.2331,0.1725,0.05,40018.61,39867.81,1.0038,0.9369,40,39994.71,0.0597,data/grids/latlon_0.1552deg.geojson
LatLon,0.0586deg,6,961,41.6432,0.07,41.5142,41.8077,0.1682,-0.15,40019.1,39867.81,1.0038,0.9719,124,39995.4,0.0592,data/grids/latlon_0.0586deg.geojson
LatLon,0.0222deg,7,6679,5.9765,0.01,5.9574,6.0003,0.1675,0.31,39916.87,39867.81,1.0012,0.989,354,39893.28,0.0591,data/grids/latlon_0.0222deg.geojson
